<?xml version="1.0" encoding="UTF-8"?>
<!DOCTYPE hibernate-configuration PUBLIC
        "-//Hibernate/Hibernate Configuration DTD 3.0//EN"
        "http://hibernate.sourceforge.net/hibernate-configuration-3.0.dtd">

<hibernate-configuration>
    <session-factory>
        <!-- Database connection settings -->
        <property name="hibernate.connection.driver_class">com.mysql.cj.jdbc.Driver</property>
        <property name="hibernate.connection.url">jdbc:mysql://127.0.0.1:3306/newsdb?useSSL=false&amp;allowPublicKeyRetrieval=true&amp;serverTimezone=UTC</property>
        <property name="hibernate.connection.username">root</property>
        <property name="hibernate.connection.password">root</property>

        <!-- JDBC connection pool (built-in) -->
        <property name="hibernate.connection.pool_size">10</property>

        <!-- SQL dialect -->
        <property name="hibernate.dialect">org.hibernate.dialect.MySQL8Dialect</property>

        <!-- Enable Hibernate logging -->
        <property name="hibernate.show_sql">true</property>
        <property name="hibernate.format_sql">true</property>

        <!-- Auto schema generation -->
        <property name="hibernate.hbm2ddl.auto">update</property>

        <!-- Mapped entity classes -->
        <mapping class="com.news.model.NewsArticle"/>
        <mapping class="com.news.model.ArticleTag"/>
    </session-factory>
</hibernate-configuration>
